id,shelter_id,type,breed_type,age,rate,gender,colour,cage_size,height,weight
678,3,4,6,3,1,Female,SeaGreen,L,0.34,4.89
2,1,1,16,5,3,Male,Green,S,0.36,21.23
534,4,2,19,1,1,Male,AntiqueWhite,L,0.76,20.87
708,1,4,20,1,4,Male,Aquamarine,M,0.6,6.71
858,5,1,7,7,2,Female,Orchid,S,0.78,22.9
319,1,3,13,4,2,Female,Tan,L,0.32,14.8
996,5,1,16,1,3,Male,SeaShell,L,0.27,7.77
773,2,1,18,11,2,Female,PaleGreen,XS,0.71,7.71
163,2,3,9,9,1,Female,LightCyan,S,0.32,10.83
897,4,4,9,11,4,Male,DodgerBlue,S,0.46,4.96
618,1,4,8,4,3,Male,DarkRed,L,0.63,16.14
579,3,2,11,12,4,Female,BlueViolet,S,0.58,13.06
994,2,3,19,9,3,Female,DarkSalmon,XS,0.62,15.66
49,4,2,4,5,2,Female,LightGray,M,0.66,24.7
792,1,2,11,5,4,Male,WhiteSmoke,XS,0.52,19.12
726,5,4,1,5,5,Female,NavajoWhite,S,0.61,10.81
971,1,3,14,2,3,Male,Cyan,XS,0.76,10.44
113,3,3,14,7,1,Male,PowderBlue,M,0.41,11.02
634,4,3,2,6,1,Female,Lime,M,0.67,19.04
887,3,2,18,12,4,Female,PapayaWhip,XS,0.62,18.81
757,2,3,4,12,3,Female,Navy,XS,0.45,16.05
890,4,1,19,1,5,Male,DarkGray,M,0.59,20.06
833,2,2,18,6,1,Male,SandyBrown,M,0.7,20.69
713,1,1,9,4,5,Female,Plum,XS,0.64,13.12
286,4,1,6,10,5,Male,OrangeRed,M,0.38,16.68
8,5,3,2,4,4,Female,MediumAquaMarin,XS,0.27,2.34
257,3,2,8,9,5,Female,LightBlue,M,0.45,9.76
297,3,3,17,12,2,Male,Turquoise,M,0.69,10.69
664,5,2,21,3,4,Male,Pink,M,0.34,20.47
93,4,4,8,6,4,Female,Azure,M,0.26,19.44
224,5,3,21,1,5,Male,DarkSlateGray,M,0.77,15.38
305,1,1,8,10,1,Male,White,L,0.42,13.73
178,3,1,20,1,3,Male,SlateBlue,L,0.29,4.93
564,1,2,11,3,5,Male,Red,S,0.65,19.05
659,1,2,10,12,3,Female,CadetBlue,S,0.67,18.74
147,1,1,14,12,4,Male,CadetBlue,M,0.4,9.91
235,5,1,2,13,3,Female,DarkGreen,XS,0.52,24.4
128,3,1,6,12,2,Female,HotPink,S,0.29,11.81
186,3,4,5,14,1,Male,Teal,L,0.69,7.16
225,4,2,15,6,2,Female,YellowGreen,L,0.67,24.13
36,5,1,2,9,5,Female,Lavender,S,0.79,2.21
387,5,4,16,11,1,Female,DarkGreen,M,0.61,5.61
183,5,2,16,6,4,Male,DeepPink,XS,0.47,17.97
155,5,4,7,10,3,Female,HoneyDew,L,0.72,1.34
185,5,2,13,15,2,Male,Coral,XS,0.46,12.61
258,5,4,12,9,1,Female,LightSkyBlue,S,0.67,4.03
989,5,4,19,6,4,Female,DarkGray,M,0.71,7.2
603,5,4,6,3,4,Male,Olive,S,0.5,16.85
769,1,2,17,8,5,Female,MediumAquaMarin,S,0.67,14.74
13,2,3,17,1,3,Female,MidnightBlue,S,0.34,4.67
129,2,1,21,7,5,Female,Gray,L,0.69,4.72
821,4,3,3,9,3,Female,LimeGreen,S,0.41,6.66
528,2,1,16,6,1,Male,DarkOliveGreen,XS,0.63,2.12
530,4,2,16,9,4,Male,Fuchsia,M,0.4,5.19
460,2,2,19,10,5,Male,Olive,L,0.4,1.66
863,2,1,2,8,2,Male,DarkBlue,L,0.57,1.05
204,3,3,14,15,3,Female,SteelBlue,S,0.31,5.6
611,4,4,18,11,2,Male,Pink,M,0.7,9.17
546,3,4,14,5,3,Female,Sienna,M,0.25,14.42
562,1,2,8,11,2,Female,Fuchsia,L,0.53,14.67
775,3,3,13,4,1,Male,PaleVioletRed,L,0.26,7.46
954,1,3,5,5,2,Female,AliceBlue,S,0.44,0.3
231,4,4,1,7,5,Female,Turquoise,M,0.71,3.78
653,1,1,16,1,1,Male,DarkOrange,L,0.34,23.98
761,4,1,21,5,4,Female,OldLace,XS,0.43,11.27
362,3,4,2,14,1,Female,LavenderBlush,L,0.35,16.69
851,4,1,13,9,1,Male,LightSalmon,L,0.26,5.28
335,1,2,15,5,2,Female,SeaGreen,M,0.27,16.04
942,3,2,20,1,3,Male,SandyBrown,L,0.78,6.02
822,4,2,21,5,1,Male,PaleGreen,M,0.31,11.83
734,1,3,16,14,3,Female,Fuchsia,M,0.62,12.13
425,4,1,19,3,1,Female,Khaki,L,0.58,15.56
457,3,3,16,7,1,Female,LightCoral,XS,0.74,1.61
582,1,4,9,2,2,Female,Khaki,XS,0.61,18.79
967,4,1,3,2,1,Male,Plum,XS,0.41,7.96
313,1,4,7,14,3,Female,LightCoral,M,0.27,18.73
35,4,2,6,7,3,Male,DeepSkyBlue,XS,0.7,23.57
633,1,1,1,5,2,Female,Yellow,XS,0.49,2.53
632,1,1,20,6,1,Female,Sienna,L,0.53,18.63
563,3,4,9,14,5,Male,MediumBlue,M,0.73,14.82
895,4,2,13,11,3,Male,Cornsilk,S,0.56,22.57
876,3,2,9,2,2,Female,LightSkyBlue,M,0.66,16.84
787,4,4,18,14,1,Male,SkyBlue,XS,0.72,20.27
801,5,2,6,2,1,Male,DarkSalmon,M,0.76,18.7
392,2,4,5,14,4,Female,DarkOrchid,M,0.72,23.75
459,1,3,8,9,5,Female,BurlyWood,L,0.75,2.8
349,1,1,21,15,4,Male,Chocolate,XS,0.37,7.22
547,2,2,7,3,5,Male,DarkTurquoise,S,0.32,14.94
840,2,2,9,7,4,Female,Aqua,S,0.56,5.71
537,5,2,1,9,4,Female,GreenYellow,M,0.78,19.35
347,2,1,19,8,3,Male,FireBrick,S,0.43,22.9
763,1,2,6,3,2,Female,Red,M,0.26,6.5
533,5,1,12,11,5,Male,FloralWhite,XS,0.52,1.43
979,2,2,8,11,2,Female,DarkMagenta,M,0.56,5.46
784,1,4,18,8,5,Male,MediumPurple,S,0.67,22.75
449,1,4,7,3,3,Male,NavajoWhite,S,0.58,24.61
345,3,4,12,7,1,Male,DarkOrchid,M,0.75,1.98
301,1,2,6,2,2,Male,LightGoldenRodY,L,0.64,9.89
795,5,3,19,1,2,Male,RosyBrown,M,0.53,7.54
929,5,4,17,7,2,Female,MediumSeaGreen,S,0.66,17.91
283,5,3,6,4,2,Female,PowderBlue,M,0.53,11.11
686,5,1,14,14,3,Male,Snow,S,0.27,12.47
279,5,3,9,8,3,Female,Pink,L,0.43,15.07
55,4,1,8,15,3,Female,GhostWhite,L,0.63,2.92
463,4,1,1,13,4,Male,Gray,L,0.38,14.28
925,2,4,16,4,3,Female,LightCyan,S,0.4,5.71
674,5,1,13,6,1,Male,RosyBrown,XS,0.44,24.93
164,2,2,19,14,5,Male,MistyRose,M,0.54,14.9
454,5,4,15,12,1,Male,PaleGreen,L,0.42,22.46
435,1,3,3,14,2,Female,MediumOrchid,S,0.58,4.21
479,1,3,19,4,5,Male,DarkCyan,XS,0.64,17.4
602,1,3,11,10,1,Female,LightYellow,M,0.64,17.55
168,4,3,13,7,2,Female,OliveDrab,S,0.61,16.14
191,3,2,18,6,4,Female,ForestGreen,M,0.77,6.99
855,5,4,13,5,4,Female,DarkBlue,L,0.3,18.48
281,5,3,15,7,4,Male,PapayaWhip,S,0.67,0.26
30,2,4,2,7,5,Male,PowderBlue,XS,0.5,0.89
154,5,3,8,4,3,Female,Black,XS,0.51,19.59
91,4,1,14,9,3,Male,AntiqueWhite,S,0.46,23.59
229,1,1,7,9,2,Male,Olive,XS,0.58,21.32
738,4,1,20,8,2,Female,YellowGreen,S,0.78,22.24
517,2,2,21,13,4,Male,Tomato,L,0.69,22.99
446,2,4,14,12,2,Female,OldLace,S,0.35,2.84
386,2,3,1,6,5,Male,Gray,S,0.76,18.11
372,1,2,9,1,2,Female,Violet,XS,0.63,21.2
882,1,3,20,13,5,Female,DarkCyan,L,0.5,3.74
24,5,4,7,11,1,Female,Turquoise,S,0.39,5.58
766,4,3,9,13,1,Female,IndianRed,S,0.35,4.2
48,3,1,20,13,4,Male,DodgerBlue,S,0.61,14.71
975,1,4,20,14,2,Female,MintCream,XS,0.47,24.94
727,1,4,6,13,2,Male,Silver,XS,0.74,20.87
770,1,1,7,8,5,Female,Lime,M,0.57,12.97
202,1,3,18,7,2,Male,Pink,M,0.4,22.12
737,1,4,21,9,3,Female,MediumVioletRed,XS,0.37,4.14
379,1,4,13,4,3,Male,OrangeRed,M,0.51,16.98
509,4,2,10,12,3,Female,DarkGray,M,0.56,10
399,3,2,21,1,4,Male,BurlyWood,L,0.29,9.53
693,5,1,5,7,4,Male,MediumBlue,XS,0.58,12.61
949,2,1,14,7,3,Female,LightSkyBlue,S,0.59,2.25
909,3,2,19,10,1,Male,DarkCyan,S,0.65,16.92
111,5,3,18,11,5,Male,RosyBrown,XS,0.48,12.43
991,3,4,7,10,1,Male,Lime,L,0.77,0.63
812,4,4,19,11,4,Female,Sienna,L,0.48,17.55
59,3,1,19,9,2,Female,Snow,M,0.32,12.12
759,4,4,2,1,1,Female,PaleTurquoise,L,0.71,11.25
200,4,2,3,11,4,Male,Gray,XS,0.33,10.01
475,3,4,5,7,3,Female,LawnGreen,XS,0.42,17.1
264,2,3,1,14,2,Female,Pink,XS,0.46,19.52
587,3,4,17,9,4,Female,DeepPink,M,0.53,14.07
829,1,2,15,14,3,Male,LightYellow,M,0.49,7.34
502,5,3,4,1,4,Male,Navy,XS,0.5,1.02
280,5,3,20,7,5,Female,Crimson,L,0.54,6.07
485,4,2,10,5,5,Female,LightSeaGreen,L,0.43,14.98
85,4,4,12,5,4,Female,SeaGreen,S,0.3,13.8
466,3,4,6,1,2,Female,DarkTurquoise,L,0.79,3.77
56,3,1,3,1,1,Female,Black,S,0.71,3.44
65,5,3,12,2,5,Female,Lavender,M,0.47,12.36
742,5,1,7,10,2,Female,SteelBlue,XS,0.37,13.78
576,3,1,20,5,4,Male,MediumOrchid,S,0.68,7.14
21,2,4,7,10,5,Female,Indigo,L,0.45,22
299,2,4,12,2,4,Male,Tomato,XS,0.59,4.72
824,2,1,20,2,5,Male,GhostWhite,M,0.47,11.92
51,1,1,4,11,5,Female,LightBlue,S,0.77,0.8
961,5,3,11,14,4,Female,DarkTurquoise,M,0.29,15.36
127,5,4,8,15,3,Male,Gray,XS,0.29,20.17
709,3,4,10,4,2,Female,MediumAquaMarin,XS,0.52,9.83
276,5,1,12,7,3,Male,SaddleBrown,S,0.65,21.09
791,3,2,11,2,1,Male,MediumVioletRed,S,0.3,4.93
370,1,2,19,4,1,Male,DarkRed,S,0.71,11.91
293,5,3,2,5,4,Female,FireBrick,L,0.76,22.84
18,1,1,21,15,1,Female,DarkGreen,L,0.64,3.3
507,5,4,18,13,5,Female,Chocolate,XS,0.8,19.73
762,3,2,15,13,4,Male,Gray,L,0.67,22.97
516,4,1,10,1,1,Female,AliceBlue,L,0.47,22.89
665,2,2,17,3,1,Female,LavenderBlush,S,0.38,24.14
505,1,1,7,4,5,Female,LightSeaGreen,L,0.74,18.69
263,2,4,17,12,2,Female,Magenta,XS,0.64,6.82
468,4,4,1,1,2,Female,DarkOliveGreen,M,0.42,23.72
993,1,2,14,11,1,Female,LightSalmon,XS,0.46,3.33
809,1,2,16,8,4,Male,AntiqueWhite,XS,0.64,5.02
196,1,1,5,4,5,Female,Gray,L,0.37,3.2
126,1,3,9,6,5,Male,White,XS,0.35,17.19
365,5,1,7,4,5,Male,DarkGoldenRod,M,0.44,19.13
431,4,1,5,3,1,Female,GoldenRod,S,0.33,4.23
173,3,3,5,1,1,Female,DimGray,M,0.35,19.26
842,3,4,16,9,5,Female,MidnightBlue,L,0.75,23.27
385,5,4,15,4,1,Male,DarkBlue,L,0.77,4.09
165,2,2,5,5,2,Female,PapayaWhip,L,0.43,22.2
470,3,3,8,3,1,Female,MistyRose,XS,0.25,16.78
941,3,3,13,7,1,Female,CornflowerBlue,M,0.47,2.44
790,3,3,12,8,5,Male,Maroon,XS,0.41,24.46
215,1,3,13,9,3,Male,Yellow,XS,0.26,9.14
232,3,4,1,14,3,Female,Crimson,S,0.59,22.4
6,3,2,15,8,1,Female,DarkGray,M,0.56,15.02
222,2,3,16,1,1,Male,OliveDrab,M,0.39,12.22
380,1,3,7,5,3,Female,DarkOliveGreen,L,0.58,9.87
598,5,1,5,1,3,Male,Black,S,0.48,10.85
330,2,2,7,4,3,Female,Sienna,XS,0.47,19.58
937,2,2,4,10,3,Female,Salmon,XS,0.38,3.1
142,2,4,18,14,2,Male,Aqua,L,0.36,11.37
97,3,4,9,11,5,Female,PaleTurquoise,M,0.28,11.73
364,5,4,7,14,4,Male,Ivory,XS,0.71,13.11
849,4,1,6,14,1,Male,SkyBlue,M,0.7,17.17
943,1,3,12,2,5,Male,LightYellow,XS,0.59,15.78
381,4,3,8,11,4,Female,Violet,XS,0.29,4.97
159,4,3,16,13,1,Male,LightGray,M,0.8,21.78
252,5,2,18,2,3,Female,Turquoise,XS,0.48,18.34
870,3,4,10,6,5,Male,LightBlue,S,0.8,21.73
932,4,2,4,10,5,Female,Linen,S,0.78,1.62
262,4,3,16,10,2,Male,SaddleBrown,XS,0.25,11.14
416,3,3,6,7,2,Male,SeaShell,L,0.54,6.81
400,4,1,12,11,1,Female,PowderBlue,S,0.36,8.04
748,1,3,20,7,5,Female,SeaShell,S,0.55,18
733,2,2,12,14,2,Male,Red,M,0.52,12.72
338,5,4,15,13,2,Female,Sienna,S,0.53,1.66
220,1,2,7,3,1,Female,Aqua,L,0.76,23.44
418,4,4,20,11,5,Male,LightGreen,L,0.73,6.28
242,2,4,1,3,4,Female,GreenYellow,M,0.4,10.97
924,4,2,12,10,5,Male,Peru,L,0.44,17.12
247,3,3,2,12,5,Female,AliceBlue,S,0.4,14.54
101,3,3,12,8,2,Male,Orchid,M,0.71,12.1
190,2,1,6,6,1,Female,DarkSeaGreen,S,0.41,8.3
782,5,2,8,11,1,Female,GhostWhite,M,0.47,11.31
208,4,2,11,5,1,Female,DarkGreen,XS,0.74,12.2
433,2,3,18,5,4,Male,BlanchedAlmond,L,0.62,5.5
465,5,2,18,4,2,Female,WhiteSmoke,S,0.43,14.69
486,2,3,20,7,1,Male,GhostWhite,L,0.45,2.72
883,2,1,16,1,5,Female,DarkViolet,L,0.62,20.41
789,2,4,14,15,4,Male,AntiqueWhite,L,0.69,24.91
657,1,2,11,3,3,Female,Snow,S,0.48,0.27
430,4,3,17,5,4,Male,Gold,M,0.5,1.66
755,5,1,11,7,4,Female,LightGray,L,0.53,5.18
797,3,2,17,2,5,Female,White,S,0.63,10.05
141,5,1,17,13,5,Female,DarkBlue,XS,0.38,5.82
492,4,1,19,5,3,Female,Lavender,M,0.64,7.66
642,2,4,20,8,5,Male,Sienna,L,0.65,15.4
19,3,4,3,15,1,Male,Navy,L,0.7,19.24
856,5,2,10,9,5,Female,LightGoldenRodY,M,0.8,5.76
974,3,4,17,15,5,Female,OrangeRed,M,0.39,11.89
360,4,3,11,9,1,Male,Violet,M,0.53,24.52
741,1,4,3,1,1,Male,DimGray,XS,0.64,3.96
586,1,3,9,8,2,Male,Gray,M,0.34,13.18
410,5,2,17,9,2,Male,YellowGreen,L,0.45,13.71
672,5,1,19,10,1,Female,Cornsilk,L,0.49,1.17
217,4,2,14,6,2,Male,Ivory,L,0.25,16.82
747,4,3,8,10,1,Male,OliveDrab,L,0.27,10.98
343,3,2,15,15,3,Female,HotPink,L,0.72,4.69
719,4,2,12,13,1,Female,MediumSeaGreen,XS,0.58,11.59
984,2,3,15,13,4,Male,LightYellow,L,0.28,4.62
881,2,2,4,1,3,Female,Aquamarine,L,0.57,5.76
32,1,2,8,9,5,Male,DarkCyan,L,0.46,3.4
311,2,3,5,13,1,Male,RoyalBlue,S,0.56,10.73
725,4,3,14,15,2,Female,GhostWhite,L,0.51,15.85
573,1,3,15,11,4,Female,MintCream,S,0.32,17.3
226,2,2,21,4,1,Male,Wheat,L,0.36,4.33
983,1,1,6,15,3,Male,OldLace,M,0.78,21.12
786,3,1,8,13,5,Male,OrangeRed,L,0.48,19.21
169,2,1,1,13,2,Male,DodgerBlue,S,0.79,5.17
953,5,2,6,9,2,Male,Orchid,XS,0.68,21.23
938,3,2,13,9,3,Female,Orange,S,0.37,22.14
549,5,3,17,4,3,Female,LimeGreen,XS,0.75,12.03
439,1,3,6,3,4,Male,WhiteSmoke,S,0.61,23.65
409,3,3,2,11,2,Male,Coral,XS,0.51,13.74
289,4,2,10,1,1,Male,LimeGreen,S,0.47,22.86
118,3,4,17,8,5,Male,Lavender,XS,0.29,22.54
898,5,2,7,6,1,Female,DarkSalmon,XS,0.34,10.23
566,1,4,12,10,1,Female,DarkOrange,M,0.69,12.53
259,1,1,13,4,3,Female,HoneyDew,XS,0.37,5.67
788,2,1,8,11,4,Female,OrangeRed,S,0.55,22.68
622,2,4,21,12,1,Male,Thistle,L,0.28,24.61
754,3,3,8,1,1,Female,DimGray,S,0.29,8.7
444,4,2,20,1,1,Female,GreenYellow,S,0.64,15.42
361,5,2,17,3,1,Male,Gainsboro,L,0.76,7.57
307,3,4,17,12,1,Female,DeepPink,L,0.68,23.15
188,2,3,15,12,1,Male,RosyBrown,XS,0.75,3.35
977,1,4,4,10,4,Female,Black,S,0.78,15.88
838,3,3,1,5,2,Male,Olive,S,0.75,0.24
421,4,1,16,14,4,Female,MediumSpringGre,M,0.36,21.67
955,5,4,15,15,2,Female,RoyalBlue,XS,0.35,23.99
526,1,3,18,15,3,Female,Azure,L,0.7,17.97
652,4,1,8,1,5,Female,Yellow,S,0.76,22.03
170,4,1,3,11,5,Male,Beige,XS,0.75,13.16
207,2,3,8,4,2,Male,BurlyWood,S,0.37,21.74
948,3,1,12,11,2,Male,DarkSalmon,XS,0.71,19.45
939,2,1,3,12,4,Female,Linen,S,0.55,22.72
96,3,4,8,4,2,Male,White,M,0.77,19.21
455,2,1,13,1,3,Male,LightPink,L,0.7,5.41
595,5,4,8,8,3,Male,LightSteelBlue,S,0.57,10.63
95,4,4,17,12,4,Male,Cornsilk,XS,0.42,15.78
318,3,2,5,5,5,Female,DarkGray,XS,0.63,1.49
368,3,2,7,9,2,Female,HoneyDew,S,0.64,9.29
879,4,1,7,7,5,Female,PaleGoldenRod,S,0.28,12.34
933,3,2,9,15,2,Female,DarkGoldenRod,S,0.46,9.67
376,2,2,3,15,2,Female,MediumPurple,S,0.5,18.97
600,4,4,11,2,4,Female,Turquoise,M,0.56,10.16
565,4,4,20,4,3,Male,MidnightBlue,S,0.37,12.35
973,4,1,19,7,2,Female,Plum,M,0.73,3.61
531,3,4,7,5,5,Female,LightCyan,XS,0.36,8.05
160,3,1,3,15,3,Male,MidnightBlue,L,0.29,13.36
915,2,2,16,2,3,Female,HoneyDew,XS,0.76,13.39
922,5,1,19,10,5,Female,Maroon,M,0.71,16.47
9,2,3,15,4,3,Male,OrangeRed,M,0.28,5.98
663,1,1,20,12,3,Male,Cyan,XS,0.41,15.97
497,4,1,4,1,4,Female,MidnightBlue,S,0.59,2.32
64,3,2,2,13,3,Male,Aquamarine,XS,0.73,22.96
508,5,1,16,14,3,Male,PeachPuff,XS,0.28,3.68
80,2,3,8,8,2,Male,YellowGreen,L,0.53,22.83
443,3,4,15,5,4,Female,PowderBlue,S,0.26,3.56
358,3,1,18,5,5,Female,PaleTurquoise,XS,0.31,8.76
702,2,4,12,15,1,Male,LightSkyBlue,S,0.32,11.18
720,1,3,16,13,4,Female,MintCream,L,0.6,24.53
808,4,4,19,14,3,Female,GhostWhite,XS,0.25,7.72
478,3,2,17,7,1,Female,MediumOrchid,L,0.75,21.36
41,5,1,3,6,4,Female,PaleVioletRed,XS,0.35,18.91
859,3,4,10,4,3,Female,DarkRed,L,0.71,12.07
373,4,3,16,15,4,Male,LightSalmon,L,0.52,10.49
639,4,2,14,5,3,Male,Thistle,XS,0.67,2.01
453,3,1,20,1,3,Female,Crimson,M,0.64,14.25
150,4,4,5,9,4,Male,Crimson,S,0.49,1.73
52,4,2,20,10,5,Female,Coral,M,0.65,9.88
644,1,1,19,12,4,Male,MediumTurquoise,L,0.28,12.09
820,2,2,5,5,1,Female,Plum,M,0.35,1.62
148,4,1,14,10,4,Female,Ivory,M,0.62,15.54
732,4,4,7,10,4,Male,SlateGray,XS,0.69,0.97
685,2,2,19,15,1,Female,Cornsilk,M,0.54,0.87
676,2,4,14,11,5,Male,FloralWhite,S,0.71,21.99
558,1,3,6,4,4,Male,LightSalmon,XS,0.6,8.4
631,2,4,18,5,4,Female,MediumVioletRed,M,0.34,21.39
638,5,1,8,7,5,Female,LemonChiffon,L,0.64,21.86
827,3,4,15,2,3,Female,PowderBlue,M,0.32,11.16
867,5,3,10,9,3,Female,Aquamarine,L,0.48,12.93
383,3,2,14,8,2,Male,Cyan,M,0.53,8.93
945,2,1,16,2,3,Male,OrangeRed,L,0.44,16.91
25,3,4,8,13,4,Female,MediumSpringGre,M,0.42,22.33
700,1,4,12,3,1,Female,Gainsboro,M,0.74,3.47
884,1,4,9,8,3,Female,Sienna,XS,0.63,15.58
266,4,4,10,5,4,Male,Tomato,M,0.51,5.03
367,5,4,8,3,1,Female,LawnGreen,L,0.69,9.19
308,1,1,16,8,5,Male,PaleVioletRed,L,0.8,1.11
89,2,3,4,3,5,Female,NavajoWhite,S,0.69,22.76
323,5,3,3,15,1,Female,SandyBrown,XS,0.72,13.49
71,2,3,11,1,5,Female,Magenta,L,0.67,11.16
31,5,4,16,11,3,Female,BurlyWood,M,0.36,2.36
540,1,2,4,14,4,Female,Bisque,M,0.27,7.68
811,4,2,20,4,1,Female,DarkRed,S,0.52,23.89
736,4,2,9,6,4,Male,MediumOrchid,L,0.38,8.76
162,1,1,20,5,3,Female,Cyan,XS,0.27,21.08
76,3,1,5,6,3,Female,Teal,XS,0.46,7.31
181,4,1,4,2,1,Male,FloralWhite,S,0.79,3.62
223,1,3,20,4,5,Female,LimeGreen,XS,0.74,10.31
256,5,1,4,12,3,Female,SaddleBrown,S,0.7,18.32
498,3,3,1,12,3,Female,GoldenRod,L,0.35,17.59
402,5,4,12,10,5,Female,DarkRed,M,0.48,10.89
785,1,3,10,9,2,Female,GhostWhite,M,0.52,10.7
510,3,1,13,6,3,Male,SteelBlue,S,0.59,12.67
274,2,1,4,14,3,Male,LightGreen,S,0.39,6.99
82,5,3,14,2,5,Female,SaddleBrown,L,0.42,16.02
944,4,3,13,4,1,Female,DarkOrange,M,0.27,10.01
889,3,2,20,7,4,Female,Snow,XS,0.76,24.6
499,5,3,2,14,2,Male,SeaGreen,M,0.51,5.32
114,2,4,12,5,2,Female,LemonChiffon,S,0.6,17.62
375,4,3,5,2,3,Female,OrangeRed,M,0.44,1.06
557,2,3,4,5,3,Female,MintCream,S,0.73,22.43
866,4,2,8,4,2,Male,LightSeaGreen,L,0.62,23.61
615,1,3,2,12,1,Female,LightCyan,S,0.57,6.7
447,4,2,20,9,3,Female,LimeGreen,S,0.29,6.33
682,4,3,8,12,3,Female,Purple,M,0.77,23.22
382,2,1,18,7,1,Female,GreenYellow,M,0.53,3.65
976,1,2,3,14,1,Male,RoyalBlue,L,0.31,3.61
701,5,3,13,8,5,Male,MediumPurple,XS,0.7,17.74
432,2,4,5,12,4,Female,RosyBrown,L,0.72,3.02
355,5,2,17,15,2,Male,PaleGoldenRod,S,0.39,2.89
868,2,4,4,1,4,Female,Yellow,XS,0.63,15.75
230,5,2,12,6,2,Female,GhostWhite,M,0.27,3.08
553,5,1,14,8,1,Female,DarkMagenta,XS,0.76,12
837,3,2,5,10,1,Female,MistyRose,XS,0.59,9.22
746,1,3,11,2,2,Female,Brown,XS,0.76,17.09
817,3,3,12,11,1,Male,DarkMagenta,L,0.45,8.39
617,4,4,20,11,4,Female,MediumPurple,L,0.38,12.69
227,1,2,21,7,3,Male,Salmon,M,0.54,23.94
675,5,4,20,6,5,Male,Tan,S,0.48,14.33
660,5,1,13,15,2,Male,LightSeaGreen,S,0.52,23.79
153,3,4,6,11,5,Male,Lime,XS,0.61,20.08
542,5,1,16,5,2,Female,OldLace,M,0.46,4.35
607,4,1,12,5,3,Female,MistyRose,L,0.56,21.84
503,1,4,7,4,4,Male,DimGray,M,0.52,8.08
494,3,3,6,4,4,Female,Lime,XS,0.49,2.9
296,3,3,12,12,2,Male,LightSlateGray,M,0.31,8.7
219,4,1,15,5,4,Female,MintCream,S,0.37,20.39
893,1,2,2,8,4,Male,RoyalBlue,M,0.31,9.02
28,4,1,14,4,4,Male,Red,S,0.64,1.17
548,2,1,11,10,4,Female,PaleTurquoise,L,0.73,11.36
650,3,3,10,13,1,Female,Peru,L,0.67,6.46
959,1,2,16,15,1,Female,Fuchsia,M,0.61,17.81
0,5,1,5,13,3,Male,Orange,XS,0.4,20.75
802,5,3,1,12,4,Female,Magenta,S,0.25,10.59
489,2,4,20,15,3,Female,MediumBlue,S,0.78,9.6
857,1,1,2,6,4,Female,DeepSkyBlue,XS,0.48,15.92
261,5,4,17,1,4,Male,CornflowerBlue,XS,0.34,5.22
419,1,3,18,11,1,Female,DarkOrange,S,0.64,7.17
588,3,2,3,11,3,Male,DarkBlue,S,0.61,13.16
522,3,1,18,7,3,Female,RosyBrown,XS,0.35,15.04
92,2,4,14,8,2,Male,Wheat,M,0.43,0.54
647,5,2,7,8,1,Male,Green,S,0.67,7.03
560,5,3,20,11,4,Male,LightSalmon,S,0.51,18.03
445,5,1,9,1,2,Male,LightSeaGreen,S,0.64,5.49
480,1,4,5,12,1,Male,NavajoWhite,S,0.31,7.07
544,1,1,16,4,3,Male,Coral,L,0.73,19.19
539,5,2,5,5,1,Male,LightSalmon,XS,0.5,8.54
199,3,4,20,8,4,Female,DarkCyan,L,0.34,11.96
294,3,2,16,11,5,Female,PapayaWhip,M,0.58,15.14
462,4,3,2,2,1,Female,Gainsboro,M,0.66,5.77
34,2,2,19,13,4,Female,GhostWhite,XS,0.35,4.98
316,4,1,20,6,5,Male,LightGray,L,0.3,20.11
491,5,2,7,2,1,Male,GoldenRod,XS,0.29,7.43
930,1,1,10,8,1,Male,HotPink,S,0.5,19.13
776,4,1,19,13,2,Female,OliveDrab,L,0.64,12.97
970,3,4,4,3,4,Female,DeepSkyBlue,XS,0.58,5.56
440,4,4,5,3,1,Female,DeepSkyBlue,L,0.53,1.85
673,1,2,1,15,1,Male,DarkTurquoise,S,0.63,2.87
90,2,4,4,1,3,Female,MediumTurquoise,L,0.46,3.55
377,2,1,3,6,4,Male,Salmon,L,0.32,8.44
707,3,4,19,15,3,Male,MediumPurple,XS,0.63,11.97
184,5,3,21,2,4,Female,OliveDrab,L,0.47,16.2
780,4,2,15,13,4,Female,OldLace,XS,0.39,1.62
88,2,4,1,11,1,Male,DarkOliveGreen,L,0.3,13.79
149,1,4,14,8,3,Male,Red,L,0.65,23.36
423,5,3,14,4,4,Male,LightCyan,M,0.39,15.92
467,2,4,13,8,4,Male,Tomato,XS,0.77,0.32
161,5,4,1,6,5,Female,PaleGoldenRod,L,0.47,19.49
561,1,3,14,5,2,Male,Magenta,M,0.45,20.18
511,1,3,6,12,3,Female,DeepPink,S,0.57,13.99
793,2,1,17,15,2,Male,LawnGreen,L,0.64,20.56
138,4,2,6,15,2,Female,Teal,XS,0.49,6.3
15,3,2,8,1,1,Female,Gainsboro,M,0.63,20.1
519,1,4,14,10,3,Female,LightSeaGreen,L,0.38,20.88
666,3,3,20,11,2,Male,IndianRed,XS,0.54,15.8
473,5,2,18,4,3,Male,PaleVioletRed,XS,0.51,16.24
964,4,4,18,5,4,Male,LightSkyBlue,M,0.58,11.22
796,1,3,21,14,1,Male,PaleGoldenRod,S,0.63,10.07
995,3,1,21,2,5,Female,Crimson,M,0.47,9.48
495,4,3,8,10,2,Male,SaddleBrown,M,0.67,19.54
47,1,3,4,3,4,Male,Purple,XS,0.37,24.44
12,2,1,18,1,2,Female,DarkCyan,L,0.71,9.9
483,1,3,9,10,5,Male,DarkKhaki,L,0.49,6.86
214,5,1,14,13,5,Female,MediumTurquoise,M,0.45,8.76
145,1,4,2,1,5,Female,Azure,L,0.26,15.8
233,2,2,9,5,4,Female,MediumSpringGre,L,0.36,5.84
680,1,2,10,7,3,Female,SeaGreen,S,0.44,24.62
950,3,3,1,5,1,Female,LightGoldenRodY,M,0.68,2.79
711,3,1,8,10,3,Male,HotPink,S,0.71,1.49
198,1,1,13,3,4,Female,DarkOrange,XS,0.39,13.54
928,5,3,8,5,5,Male,FloralWhite,L,0.58,20.49
641,3,4,13,9,5,Male,DarkBlue,L,0.26,11.84
157,1,4,18,10,4,Male,Silver,XS,0.5,24.76
629,1,3,4,7,2,Male,LightBlue,S,0.39,7.76
581,2,4,19,13,4,Male,PeachPuff,M,0.73,16.59
704,5,4,1,1,5,Male,Lime,L,0.33,5
731,3,3,1,6,3,Male,Crimson,M,0.53,18.27
73,5,4,17,1,2,Male,HotPink,M,0.5,22.56
394,2,1,18,6,1,Female,RosyBrown,S,0.69,17.14
57,4,1,4,7,4,Female,DarkKhaki,S,0.28,4.82
166,2,2,7,15,3,Female,PaleVioletRed,M,0.43,4.45
966,1,1,21,1,2,Male,CadetBlue,M,0.53,12.74
614,1,4,8,4,2,Female,Gray,XS,0.61,18.01
744,5,3,1,8,2,Female,Chartreuse,S,0.61,7.1
490,2,1,12,2,4,Male,Green,L,0.51,18.25
26,3,3,8,9,4,Female,Aqua,S,0.32,5.39
815,1,1,9,1,4,Male,DarkGray,M,0.58,8.88
594,4,4,19,8,2,Male,LightSeaGreen,L,0.66,7.92
458,3,3,12,15,5,Male,Aqua,M,0.49,14.19
828,1,4,17,9,4,Male,OliveDrab,M,0.67,17.82
337,1,4,10,4,5,Female,DarkSeaGreen,M,0.65,5.27
878,4,1,8,4,3,Male,Aquamarine,XS,0.65,6.79
690,4,3,20,6,5,Female,LightSkyBlue,S,0.65,5.2
250,4,1,17,7,1,Female,LightSeaGreen,M,0.67,17.48
50,4,3,16,3,2,Male,LightSeaGreen,L,0.57,0.84
669,3,3,7,5,5,Female,LightSeaGreen,XS,0.56,1.3
151,5,3,4,14,3,Female,LawnGreen,M,0.35,14.86
69,4,4,16,9,4,Male,Moccasin,XS,0.31,5
269,2,2,15,6,3,Male,Lime,S,0.34,24.86
53,5,4,11,11,1,Female,White,XS,0.59,7.15
839,5,1,15,12,1,Male,Cyan,L,0.52,9.1
504,5,1,20,7,1,Male,Black,M,0.31,17.43
567,4,3,15,1,3,Female,DeepPink,L,0.39,15.05
366,5,3,4,13,5,Female,SpringGreen,M,0.39,8.44
265,4,2,12,14,5,Male,SandyBrown,XS,0.33,9.23
963,5,2,5,8,1,Male,PeachPuff,M,0.29,21.57
552,2,3,2,9,3,Male,Navy,L,0.31,19.83
556,4,4,2,2,5,Male,OldLace,M,0.28,12.03
947,2,4,15,13,4,Female,Crimson,S,0.77,16.67
940,2,3,5,4,3,Male,PaleGoldenRod,M,0.45,4.16
391,5,4,12,9,2,Female,DeepPink,L,0.63,13.15
415,3,1,14,15,4,Male,Pink,XS,0.33,9.66
830,2,1,4,5,4,Male,Blue,S,0.44,20.85
109,5,4,11,14,1,Female,Olive,L,0.42,11.04
575,3,3,16,11,4,Male,DeepSkyBlue,M,0.64,18.31
952,4,3,13,9,3,Female,Purple,L,0.34,23.8
123,4,4,7,6,3,Female,Lime,M,0.53,21.72
917,4,3,20,15,3,Female,LimeGreen,S,0.48,9.38
885,5,3,13,15,1,Female,Sienna,M,0.45,9.26
115,4,2,18,11,3,Female,CornflowerBlue,M,0.57,13.37
706,1,3,3,14,5,Male,Beige,XS,0.26,2.85
133,3,1,21,10,3,Male,Aquamarine,M,0.66,5.86
835,1,2,14,12,2,Female,PowderBlue,M,0.57,5.12
46,4,1,15,12,1,Male,MediumSeaGreen,L,0.8,17.26
852,1,3,1,6,1,Female,LightGreen,XS,0.5,8.97
804,1,3,19,9,3,Male,DimGray,L,0.77,13.2
957,1,1,7,10,3,Female,RoyalBlue,S,0.54,6.08
749,1,4,9,5,3,Female,LightPink,XS,0.62,6.75
813,4,1,7,3,5,Female,SkyBlue,M,0.77,7.86
807,3,2,6,9,1,Male,Peru,XS,0.54,17.98
187,3,4,9,13,1,Female,Gold,S,0.42,6.44
671,3,1,13,9,4,Male,DarkTurquoise,S,0.47,4.38
384,1,2,21,4,5,Female,Turquoise,L,0.35,23.79
980,3,2,11,8,5,Female,Salmon,L,0.71,13.11
395,3,1,3,14,4,Female,Green,M,0.69,17.06
934,4,2,18,10,5,Male,MediumBlue,M,0.61,22.63
806,5,1,19,2,5,Male,DarkSalmon,M,0.73,9.56
193,2,1,18,14,1,Female,Bisque,L,0.73,11.27
174,4,2,10,7,5,Male,Tan,L,0.32,0.26
390,3,1,1,7,5,Male,RosyBrown,S,0.65,11.23
267,1,1,13,6,2,Male,MediumPurple,XS,0.49,21.59
661,5,4,16,1,3,Female,SeaGreen,S,0.63,2.93
246,2,1,13,1,1,Male,Coral,XS,0.77,22.36
610,1,1,18,15,4,Female,Snow,XS,0.43,11.57
621,3,3,15,5,5,Female,PowderBlue,L,0.54,5.57
905,4,1,20,10,3,Female,WhiteSmoke,XS,0.65,5.96
847,2,1,9,12,3,Male,DarkGoldenRod,S,0.59,23.36
589,2,2,17,12,5,Female,MistyRose,L,0.55,19.37
471,2,3,19,12,1,Female,LightSalmon,M,0.71,6.1
577,2,3,17,7,3,Female,MidnightBlue,XS,0.54,14.38
972,2,1,15,1,2,Female,Gold,XS,0.4,22.22
927,5,4,17,9,2,Female,Chartreuse,M,0.51,20.92
94,3,2,13,3,5,Male,RosyBrown,M,0.6,21.89
176,3,3,7,11,4,Male,DarkSalmon,M,0.5,24.15
998,1,1,20,5,5,Female,DarkOrchid,L,0.44,8.76
212,2,1,11,9,4,Male,Tomato,L,0.47,19.12
831,3,1,3,8,3,Female,AntiqueWhite,M,0.45,5.82
772,5,2,9,8,2,Female,DarkGray,S,0.71,8.29
306,3,2,10,8,3,Male,Red,M,0.35,3.49
683,5,2,18,15,4,Female,DarkKhaki,L,0.35,10.28
705,4,3,15,3,4,Male,AntiqueWhite,M,0.4,13.54
923,4,2,11,3,2,Female,BlueViolet,XS,0.29,16.17
136,5,4,20,7,2,Male,DarkViolet,M,0.3,2.46
476,4,3,13,3,2,Male,Moccasin,L,0.8,4.65
110,1,2,8,8,2,Male,Gold,M,0.65,10.44
210,3,4,15,5,2,Male,SaddleBrown,M,0.51,5.65
760,5,2,21,15,5,Female,PaleVioletRed,S,0.6,14.72
66,2,4,5,8,3,Female,MediumSeaGreen,L,0.49,1.07
388,4,3,17,12,1,Female,Silver,M,0.51,18.09
441,4,4,5,3,3,Male,LightBlue,S,0.75,14.08
404,5,3,10,7,5,Male,RoyalBlue,M,0.39,8.65
730,1,2,10,1,2,Female,LightBlue,XS,0.72,17.44
906,2,2,12,8,3,Male,DarkViolet,L,0.6,9.64
823,2,2,20,2,1,Male,DarkViolet,L,0.44,19.98
33,4,2,21,15,5,Female,LightGoldenRodY,L,0.28,13.47
541,4,3,9,6,4,Female,MediumTurquoise,S,0.59,24.89
461,5,3,16,1,3,Female,SeaGreen,M,0.27,8.29
359,5,2,9,9,4,Female,Aquamarine,XS,0.53,17.43
962,5,3,7,8,1,Male,LavenderBlush,M,0.59,3.79
16,2,4,11,10,4,Male,DarkGray,XS,0.57,17.77
54,5,1,20,9,3,Female,Thistle,M,0.78,24.67
658,4,4,19,8,5,Male,OrangeRed,L,0.33,14.85
437,5,3,13,11,4,Male,ForestGreen,M,0.65,1.71
62,2,3,4,7,4,Female,Moccasin,L,0.31,22.38
407,3,3,17,1,1,Male,BurlyWood,L,0.32,15.94
626,3,4,13,7,5,Male,MediumBlue,M,0.29,10.77
22,2,3,10,1,1,Female,MediumVioletRed,M,0.74,16.55
87,1,3,15,1,5,Male,Orange,S,0.73,7.51
903,2,2,9,9,2,Female,Peru,L,0.27,6.21
20,4,2,8,1,1,Male,Beige,S,0.3,18.48
291,1,3,3,1,2,Female,Navy,XS,0.76,11.55
946,2,1,6,15,1,Male,Moccasin,M,0.74,11.51
512,3,4,9,3,2,Male,Black,XS,0.29,14.69
197,4,3,20,2,1,Female,Magenta,S,0.35,7.43
253,1,2,13,11,5,Male,Wheat,S,0.74,14.52
124,4,2,12,14,3,Female,CadetBlue,L,0.28,11.26
865,1,1,4,9,4,Female,MediumBlue,L,0.63,6.66
119,3,1,6,13,3,Male,Gainsboro,S,0.77,3.43
679,4,4,18,2,1,Female,PeachPuff,L,0.79,2.81
981,1,1,15,1,2,Female,BurlyWood,XS,0.61,6.43
285,3,4,19,11,4,Male,Coral,XS,0.78,1.96
106,1,4,1,6,3,Female,PaleGreen,S,0.47,3.95
648,5,1,16,9,5,Female,DarkKhaki,M,0.74,15.85
3,5,1,18,1,2,Male,DarkKhaki,XS,0.39,19.06
342,3,2,20,2,2,Male,LightSteelBlue,XS,0.66,19.59
590,5,4,4,7,1,Female,Chartreuse,M,0.45,7.87
874,1,1,8,14,3,Male,Indigo,S,0.69,10.89
284,5,4,11,10,2,Male,SkyBlue,S,0.33,14.24
646,1,1,10,12,2,Male,PeachPuff,M,0.65,25
920,1,2,21,8,3,Male,Salmon,XS,0.66,9.73
369,3,4,5,4,3,Female,PaleGoldenRod,XS,0.53,11.61
901,1,4,2,7,4,Female,Khaki,XS,0.32,20.32
245,3,4,8,6,5,Female,Aqua,S,0.53,20.12
341,1,2,17,2,4,Female,FireBrick,L,0.56,9.69
211,2,2,14,2,5,Male,Azure,XS,0.66,11.86
393,3,1,4,1,3,Female,Linen,S,0.46,24.72
396,3,2,2,10,4,Male,ForestGreen,XS,0.77,10.82
236,5,1,3,6,4,Female,OliveDrab,M,0.76,3.27
968,3,1,5,7,4,Female,Coral,XS,0.39,16.85
180,3,2,18,11,2,Female,SpringGreen,XS,0.28,8.8
604,3,2,17,8,1,Female,DarkOliveGreen,M,0.72,0.36
712,3,3,3,6,3,Female,Aquamarine,L,0.67,0.51
61,3,3,17,14,3,Male,LightGreen,M,0.52,5.49
290,4,1,14,12,4,Male,PowderBlue,M,0.35,24.49
819,1,2,21,4,5,Male,PaleGoldenRod,S,0.37,12.62
292,3,3,21,2,2,Male,MediumTurquoise,L,0.34,0.3
238,5,4,3,15,5,Male,LavenderBlush,S,0.52,17.03
321,2,2,14,9,5,Female,Chartreuse,M,0.54,21.93
536,4,2,11,12,3,Female,DarkGoldenRod,L,0.4,1.54
434,5,3,13,4,5,Female,Moccasin,S,0.45,0.54
750,1,1,12,2,1,Female,Azure,XS,0.37,13.28
143,5,4,10,13,1,Female,DarkViolet,S,0.6,4.97
130,3,3,17,11,3,Male,BurlyWood,S,0.51,6.78
60,1,1,1,6,3,Female,LightYellow,XS,0.68,20.71
98,5,1,18,5,1,Male,LightGreen,M,0.65,8.87
374,3,4,8,3,1,Male,AntiqueWhite,S,0.34,20.71
70,3,2,5,6,5,Female,Aqua,M,0.45,5.26
422,2,2,11,8,3,Male,CornflowerBlue,XS,0.77,10.08
832,1,3,8,13,2,Male,HotPink,M,0.78,22.69
520,2,4,17,1,4,Male,LightSalmon,L,0.42,23.43
303,3,4,12,10,3,Female,Pink,L,0.43,23.8
40,2,2,15,2,5,Male,Moccasin,L,0.52,11.01
239,2,2,20,2,5,Male,Linen,S,0.61,15.92
221,4,3,11,15,2,Female,Tomato,L,0.63,14.15
302,1,3,3,10,2,Female,Gainsboro,XS,0.39,2.83
578,5,4,2,13,1,Female,Crimson,S,0.55,3.34
203,3,2,10,13,2,Female,DimGray,XS,0.36,8.16
325,1,4,3,7,4,Female,BlueViolet,S,0.51,21.5
723,1,4,19,15,1,Male,LightYellow,S,0.67,17.16
146,5,1,9,2,5,Female,DodgerBlue,M,0.28,12.29
535,1,4,19,2,5,Female,DarkViolet,L,0.6,23.72
871,3,3,4,5,5,Male,BlueViolet,S,0.28,16.12
960,1,1,12,3,1,Female,PaleGreen,S,0.31,1.87
656,3,4,4,7,2,Female,DarkSalmon,XS,0.52,18.49
818,3,3,20,14,2,Female,Salmon,L,0.72,4.36
914,4,3,15,6,3,Female,GreenYellow,S,0.5,15.87
116,4,2,14,14,2,Female,Brown,L,0.52,5.9
753,3,1,8,5,5,Male,MediumBlue,L,0.67,12.54
477,2,1,6,7,1,Male,SlateBlue,XS,0.69,21.32
336,4,2,4,13,1,Female,LightCyan,S,0.78,3.08
935,3,2,14,4,5,Male,Snow,L,0.72,13.39
718,1,1,20,15,5,Male,LightBlue,L,0.36,19.12
640,5,2,2,6,3,Female,LightYellow,M,0.27,10.85
354,2,3,2,1,3,Female,LightGray,XS,0.49,21.09
904,5,3,4,11,4,Male,Gold,M,0.78,12.31
237,5,2,15,3,3,Female,DarkSlateBlue,M,0.43,14.71
843,1,1,7,5,3,Male,DarkBlue,S,0.52,22.79
38,4,1,15,9,4,Male,MediumTurquoise,XS,0.3,13.03
309,4,1,9,10,5,Male,Tomato,XS,0.65,17.65
44,3,2,17,3,2,Female,Magenta,L,0.43,15.89
75,5,1,12,7,2,Male,Silver,S,0.45,21.08
911,5,3,8,10,3,Male,Moccasin,XS,0.68,1.95
496,5,4,7,11,4,Male,DarkRed,L,0.63,14.97
902,4,1,14,14,5,Female,Wheat,M,0.42,24.88
654,2,2,6,5,3,Female,PapayaWhip,S,0.34,4.81
643,1,3,15,6,3,Male,NavajoWhite,XS,0.69,6.83
689,2,4,11,7,1,Female,Blue,M,0.47,18.03
861,2,3,10,13,5,Female,Tomato,L,0.63,9.83
593,3,3,14,2,5,Female,PaleGoldenRod,XS,0.58,22.19
428,3,2,6,10,1,Female,DarkOrange,S,0.77,6.45
521,1,2,21,12,5,Male,Green,L,0.61,1.24
104,2,2,20,6,4,Male,LightSlateGray,L,0.52,4.89
255,4,4,18,9,5,Male,Bisque,M,0.55,19.97
580,5,4,3,14,5,Female,MidnightBlue,M,0.42,1.69
312,2,2,12,9,4,Male,MidnightBlue,M,0.4,16.89
320,2,4,8,12,1,Female,DimGray,L,0.6,24.88
608,5,3,8,9,2,Male,Magenta,M,0.7,11.14
452,1,4,8,4,1,Male,SaddleBrown,XS,0.33,7.86
997,5,2,4,11,4,Female,Snow,M,0.62,9.34
896,3,1,15,7,2,Female,Aquamarine,M,0.78,19.91
427,5,3,10,5,1,Male,OldLace,XS,0.57,8.41
282,4,1,4,8,3,Male,Cyan,M,0.28,11.3
99,1,4,17,3,1,Male,LightGreen,M,0.36,18.51
1,3,3,9,5,2,Female,SkyBlue,L,0.66,10.94
448,5,3,11,6,5,Male,Khaki,S,0.61,11.21
555,5,1,4,9,4,Female,Turquoise,S,0.73,9.39
192,3,1,10,4,4,Female,MediumOrchid,S,0.3,0.46
333,3,3,14,3,1,Male,MediumSeaGreen,S,0.52,7.88
805,4,2,18,10,5,Male,Gainsboro,XS,0.65,16.43
778,5,3,21,14,4,Male,Moccasin,S,0.32,22.73
271,5,4,13,7,1,Male,GreenYellow,M,0.34,11.99
63,3,2,8,11,4,Male,LightCoral,XS,0.54,8.51
735,3,1,16,12,1,Female,Red,S,0.62,15.39
620,4,1,14,8,1,Male,DimGray,L,0.31,5.64
27,2,1,11,2,4,Male,Snow,S,0.33,4.18
990,4,1,10,2,2,Female,DarkTurquoise,L,0.46,3.2
765,5,3,21,9,5,Female,DarkGreen,XS,0.47,3.69
158,1,4,20,4,1,Female,GhostWhite,M,0.78,21.04
314,5,2,12,3,5,Male,Indigo,M,0.77,16.97
68,5,3,5,3,3,Female,MediumSeaGreen,M,0.64,2.08
389,4,3,7,14,5,Female,LightGoldenRodY,S,0.46,24.14
768,4,4,9,4,4,Male,FireBrick,XS,0.43,23.05
606,1,4,15,4,1,Female,DarkKhaki,M,0.64,18.96
249,4,1,8,10,2,Female,Green,XS,0.34,5.27
684,2,4,19,7,3,Female,Wheat,M,0.34,5.89
635,1,2,4,4,1,Female,DarkGreen,S,0.49,22.72
132,3,4,13,15,2,Male,OrangeRed,M,0.51,16.45
969,1,3,19,7,5,Female,Purple,XS,0.74,18.31
438,1,2,4,2,5,Male,IndianRed,S,0.72,7.45
189,5,4,12,14,4,Male,Gainsboro,L,0.3,1.32
240,5,4,15,2,4,Female,Bisque,XS,0.4,3.14
131,5,3,13,7,5,Male,DimGray,XS,0.5,24.24
623,1,2,14,5,4,Female,MediumSlateBlue,L,0.5,24.07
137,4,3,10,12,2,Female,Green,M,0.34,21.43
921,4,2,18,8,3,Female,GoldenRod,XS,0.8,1.28
774,2,4,8,5,1,Female,Pink,L,0.47,2.19
426,5,2,20,4,4,Female,AntiqueWhite,S,0.56,16.43
978,2,3,15,2,1,Female,LightSlateGray,L,0.43,22.85
716,1,2,9,11,2,Female,NavajoWhite,XS,0.5,10.34
482,3,2,11,14,2,Male,Orchid,L,0.68,6.14
956,1,1,11,12,3,Female,IndianRed,M,0.45,22.47
662,5,3,17,7,4,Male,ForestGreen,XS,0.66,6.64
783,2,3,16,13,2,Female,Olive,L,0.5,9.31
356,2,3,11,7,2,Female,MediumPurple,M,0.45,13.41
568,1,3,17,2,1,Female,OrangeRed,M,0.5,24.02
218,1,2,2,12,5,Male,Silver,S,0.36,15.9
592,1,1,7,8,2,Female,DarkMagenta,L,0.74,15.31
14,4,4,21,7,4,Male,RoyalBlue,S,0.51,19.2
273,2,1,4,6,1,Female,MediumVioletRed,M,0.27,18.36
814,1,2,18,6,2,Female,Orchid,XS,0.75,10.21
605,1,1,11,7,2,Female,LightBlue,XS,0.58,23.51
74,5,1,12,11,1,Female,Lime,M,0.36,2.14
668,2,4,3,6,4,Female,LimeGreen,L,0.53,13.44
907,5,2,13,3,2,Female,Silver,M,0.72,10.37
317,3,4,12,13,1,Female,White,S,0.67,0.61
209,4,3,21,12,5,Female,Yellow,XS,0.78,11.43
322,5,4,13,10,3,Female,GreenYellow,L,0.29,13.61
474,1,3,10,10,4,Male,PaleGoldenRod,XS,0.7,3.35
619,2,3,21,7,5,Female,SeaGreen,M,0.48,12.14
344,1,3,17,13,2,Female,PaleTurquoise,S,0.35,12.13
649,3,3,8,12,3,Female,Coral,XS,0.25,3.46
894,3,1,6,14,1,Female,Maroon,XS,0.36,3.48
982,1,1,10,1,4,Female,Gray,XS,0.74,10.54
655,1,1,14,6,2,Female,Lavender,S,0.59,6.92
846,2,4,5,6,5,Female,MidnightBlue,L,0.59,24.27
931,2,2,21,7,5,Male,DarkTurquoise,XS,0.35,11.5
357,5,3,17,11,1,Female,DarkCyan,L,0.53,20.55
228,3,2,15,14,1,Male,LightSeaGreen,M,0.37,12.26
910,2,4,4,4,4,Male,Magenta,L,0.46,19.86
529,4,4,17,10,5,Male,PaleGoldenRod,M,0.69,14.54
351,4,2,13,3,2,Male,DarkSlateGray,XS,0.57,23.27
10,5,4,2,12,1,Male,Pink,L,0.72,17.2
869,4,3,16,15,4,Male,LightSlateGray,XS,0.41,5.27
918,5,2,16,2,3,Male,DarkSlateBlue,S,0.33,6.24
304,5,3,1,8,2,Male,DarkOrange,XS,0.41,5.06
134,3,2,8,15,1,Male,SandyBrown,XS,0.55,10.34
43,4,2,8,5,4,Female,DarkSeaGreen,M,0.5,14.58
756,1,2,16,1,4,Female,Linen,L,0.61,23.74
167,1,1,2,4,1,Male,DarkSalmon,L,0.62,18.4
844,2,1,15,8,4,Male,MediumAquaMarin,M,0.5,22.5
758,2,3,16,2,5,Male,SandyBrown,XS,0.73,24.95
694,1,3,7,4,2,Male,PaleGoldenRod,L,0.37,0.88
630,5,1,14,6,2,Male,Turquoise,L,0.77,12.88
722,5,1,11,13,4,Male,White,L,0.68,11.99
752,2,3,4,14,1,Male,Moccasin,S,0.31,3.04
206,5,4,12,9,4,Female,DimGray,M,0.8,2.19
7,3,3,10,3,3,Male,DarkMagenta,L,0.39,20.09
764,4,3,17,14,2,Male,LavenderBlush,S,0.42,19.99
699,5,3,14,4,2,Female,LightBlue,M,0.6,16.6
583,5,1,6,9,5,Male,OrangeRed,S,0.41,4.34
37,3,1,6,8,4,Female,SandyBrown,M,0.28,2.32
985,4,1,3,13,4,Female,Crimson,M,0.29,9.44
244,3,2,4,8,2,Female,Fuchsia,S,0.71,6.86
122,5,1,11,7,1,Male,Olive,L,0.41,13.53
450,1,3,20,6,1,Male,LawnGreen,M,0.27,9.43
152,1,2,9,5,1,Female,DarkOrchid,L,0.77,3.05
436,4,2,21,15,5,Female,Orange,M,0.69,19.86
339,5,2,21,4,2,Female,Teal,M,0.64,20
862,5,1,20,7,4,Female,SandyBrown,S,0.66,19.51
378,2,3,14,8,5,Male,RoyalBlue,XS,0.28,3
834,4,3,3,11,5,Male,PaleGoldenRod,L,0.56,13.22
327,3,3,8,9,1,Female,Fuchsia,XS,0.57,21.38
4,1,1,17,3,1,Female,MediumTurquoise,L,0.72,6.71
411,5,2,8,13,5,Male,MediumSpringGre,L,0.79,18.91
845,3,2,21,8,2,Male,PapayaWhip,S,0.42,22.4
248,3,3,10,11,4,Female,Peru,M,0.4,7.12
999,5,1,5,8,3,Male,Purple,M,0.29,10.87
616,2,2,11,13,3,Female,HotPink,S,0.6,20.93
771,1,4,12,11,2,Male,MediumBlue,XS,0.77,6.7
408,1,4,12,1,5,Male,Azure,L,0.79,15.67
728,2,3,21,5,2,Male,SpringGreen,L,0.48,12.4
488,2,2,6,3,4,Female,Black,S,0.39,7.64
697,1,1,6,7,4,Male,NavajoWhite,M,0.49,1.83
514,2,4,13,3,4,Female,Crimson,L,0.41,10.48
992,3,1,3,9,5,Female,SeaShell,L,0.3,21.12
524,2,4,17,11,3,Male,DarkMagenta,XS,0.5,2.4
353,5,1,6,8,3,Female,SlateBlue,L,0.31,8.58
72,4,4,9,9,2,Male,Orange,XS,0.7,6.75
965,3,3,20,2,3,Female,Tan,M,0.65,16.8
591,4,4,21,8,1,Male,RosyBrown,L,0.51,6.37
698,4,3,19,2,5,Female,PeachPuff,L,0.6,0.97
569,2,2,11,3,4,Male,DarkGreen,XS,0.44,20.72
177,3,1,10,7,5,Male,Crimson,L,0.42,24.06
554,2,2,9,15,1,Female,Lavender,XS,0.71,21.71
888,5,3,13,3,4,Male,ForestGreen,S,0.51,2.13
11,2,3,16,7,5,Female,Black,S,0.51,18.44
816,2,1,10,1,5,Female,Wheat,M,0.4,10.76
599,5,2,21,15,3,Female,NavajoWhite,M,0.76,16
624,3,4,19,2,4,Male,PaleTurquoise,XS,0.64,11.85
779,1,2,4,4,1,Female,Plum,S,0.3,23.76
500,4,1,5,12,4,Female,DarkMagenta,L,0.67,12.28
268,5,4,2,13,4,Female,PaleGoldenRod,S,0.68,22.38
295,5,1,10,12,2,Female,Sienna,M,0.38,10.19
913,4,4,5,7,3,Male,Chocolate,M,0.27,22.57
877,2,1,3,10,5,Female,Pink,M,0.39,23.72
777,2,2,9,15,4,Female,Turquoise,XS,0.73,19.69
596,2,4,19,7,2,Female,Salmon,M,0.68,14.84
729,1,4,8,13,5,Female,BurlyWood,XS,0.54,22.26
420,4,3,10,13,3,Female,Teal,L,0.61,23.34
175,5,2,6,14,3,Female,Peru,XS,0.28,11.07
298,1,3,15,15,5,Female,LightCyan,XS,0.76,17.97
854,2,2,21,12,1,Female,PeachPuff,M,0.54,15.73
891,2,1,4,6,2,Female,RosyBrown,XS,0.52,20.99
625,1,3,6,12,2,Female,BlueViolet,M,0.68,3.01
515,2,4,14,1,2,Male,DarkBlue,XS,0.54,12.46
288,1,4,9,10,2,Male,BlueViolet,XS,0.45,19.79
332,5,1,2,12,1,Male,ForestGreen,M,0.77,2.58
850,1,2,15,8,5,Female,PaleGoldenRod,S,0.45,4.63
781,2,1,3,3,1,Female,LightSteelBlue,S,0.68,9.68
472,5,3,5,14,3,Male,Beige,M,0.5,7.4
201,2,1,15,9,5,Female,MediumVioletRed,S,0.61,18
745,2,3,17,8,1,Female,MediumVioletRed,L,0.78,24.07
79,1,4,7,5,2,Male,ForestGreen,M,0.4,14.45
405,2,3,5,12,1,Female,Gainsboro,L,0.39,17.41
39,4,4,6,1,1,Female,SaddleBrown,S,0.35,15.28
329,3,2,15,3,1,Female,DarkOrange,XS,0.79,16.11
551,4,3,4,10,1,Female,Gray,XS,0.61,4.58
216,2,1,20,11,3,Female,DarkKhaki,XS,0.5,5.78
571,3,1,1,2,1,Female,SpringGreen,S,0.46,8
584,5,1,6,8,1,Female,Azure,M,0.37,24.67
572,4,3,3,7,4,Male,DarkMagenta,S,0.77,10.53
493,3,4,14,13,4,Male,Plum,S,0.63,13.74
324,2,3,20,1,5,Female,Magenta,S,0.45,6.47
277,4,3,11,4,1,Male,DodgerBlue,M,0.54,4.3
559,5,3,1,15,1,Male,Brown,S,0.54,16.71
880,2,3,21,14,4,Female,DarkOrchid,XS,0.26,4.35
919,1,3,12,1,1,Female,Cyan,S,0.67,14.12
179,5,4,8,3,2,Male,SlateGray,XS,0.33,21.41
800,3,1,9,4,1,Female,Magenta,XS,0.4,24.9
429,1,1,6,15,4,Male,PapayaWhip,S,0.53,2.59
371,1,3,14,4,3,Female,FloralWhite,M,0.4,11.34
988,2,3,14,1,1,Female,BurlyWood,S,0.49,7.2
451,1,4,10,11,3,Male,Chocolate,XS,0.7,20.55
916,4,1,14,9,2,Female,LightSlateGray,M,0.58,24.91
810,4,1,7,2,1,Male,LightBlue,XS,0.64,12.44
714,4,3,16,8,4,Male,CadetBlue,M,0.53,16.08
350,3,4,21,7,1,Male,DarkRed,M,0.73,19.92
84,2,1,2,15,3,Male,DodgerBlue,L,0.73,6.15
864,2,3,1,8,2,Male,BlanchedAlmond,XS,0.64,7.16
853,4,2,17,6,1,Male,Silver,M,0.26,9.26
613,2,4,14,15,2,Male,PapayaWhip,L,0.61,19.58
481,3,4,19,7,2,Female,Chartreuse,S,0.29,13.39
414,4,1,16,2,1,Male,DarkGray,M,0.54,14.93
721,5,1,14,15,3,Female,SeaShell,S,0.78,4.51
740,5,4,9,4,1,Female,SteelBlue,S,0.57,14.12
464,2,3,10,15,5,Male,ForestGreen,XS,0.33,2.04
691,1,1,17,10,3,Male,DeepPink,M,0.79,24.84
518,5,3,13,5,4,Male,MediumSpringGre,XS,0.42,20.67
83,1,2,14,13,4,Female,SpringGreen,M,0.6,13.03
326,5,3,20,11,2,Male,DarkSalmon,M,0.56,22.55
637,5,2,18,3,1,Female,Plum,M,0.39,7.92
936,1,3,3,2,4,Male,DodgerBlue,M,0.25,9.61
456,1,4,10,13,3,Female,DarkOrange,M,0.75,21.65
574,2,2,20,2,2,Male,Beige,XS,0.76,4.17
81,2,3,5,10,2,Female,Navy,XS,0.37,15.72
609,4,2,10,11,1,Male,Khaki,L,0.33,8.99
140,3,3,8,1,4,Female,FireBrick,L,0.35,5.69
545,4,3,12,5,2,Male,LawnGreen,XS,0.45,14.63
120,1,2,16,10,1,Female,Linen,L,0.73,5.46
794,1,1,10,12,1,Male,Brown,S,0.73,23.59
107,3,2,6,4,1,Male,Lime,L,0.31,22.03
58,5,1,3,13,1,Male,OrangeRed,XS,0.75,23.61
172,4,1,8,10,3,Female,Gray,XS,0.68,6.32
171,2,2,12,8,1,Male,PaleVioletRed,L,0.28,2.62
17,3,3,11,4,4,Female,OldLace,L,0.57,3.43
899,4,1,12,10,3,Male,LightSkyBlue,S,0.42,6.04
645,3,4,15,6,3,Female,SpringGreen,XS,0.52,0.39
287,2,4,15,13,5,Female,LightPink,L,0.53,18.89
413,4,1,9,12,3,Female,MediumPurple,XS,0.73,0.86
144,4,4,8,12,1,Male,Yellow,L,0.68,11.47
875,3,1,4,5,1,Male,SaddleBrown,XS,0.71,24.34
636,2,4,12,10,1,Male,Tomato,S,0.76,16.46
597,5,3,17,6,1,Male,MediumSlateBlue,XS,0.6,4.17
195,2,1,2,12,4,Female,GoldenRod,L,0.69,3.05
29,4,1,16,3,5,Female,BlanchedAlmond,L,0.42,17.41
77,4,1,17,7,2,Male,Olive,L,0.33,4.57
417,5,3,18,9,2,Female,MistyRose,L,0.5,3.38
112,4,1,1,2,2,Male,Beige,M,0.43,19.19
23,1,3,3,13,3,Female,AliceBlue,M,0.56,2.37
121,2,1,8,11,5,Male,MediumOrchid,XS,0.6,3.18
135,1,2,13,10,5,Male,Tan,L,0.57,7.11
743,4,1,20,4,2,Male,Pink,XS,0.57,20.35
213,4,4,6,7,5,Female,SlateGray,S,0.76,13.3
836,3,2,9,15,3,Female,PaleTurquoise,L,0.39,6.11
401,2,1,1,11,4,Female,Tan,M,0.54,1.74
397,3,4,13,7,3,Male,DarkOliveGreen,M,0.75,2.46
340,5,3,17,3,3,Female,DodgerBlue,XS,0.7,9.86
487,4,4,9,1,3,Male,PeachPuff,L,0.68,10.21
272,1,1,9,6,3,Female,AliceBlue,S,0.61,5.41
670,1,4,10,1,5,Male,Teal,XS,0.32,9.58
799,4,2,21,14,4,Male,RoyalBlue,S,0.7,4.69
310,5,4,8,6,5,Male,FireBrick,M,0.58,7.52
156,4,1,2,3,1,Male,Navy,M,0.39,19.28
251,1,2,11,15,3,Male,LavenderBlush,L,0.36,0.99
826,4,3,3,12,4,Female,DarkRed,M,0.47,17.4
346,1,3,14,15,3,Male,Aquamarine,M,0.8,24.8
710,2,1,14,10,1,Female,MediumPurple,L,0.69,13.3
469,3,4,12,2,3,Male,Cornsilk,L,0.3,17.25
275,1,4,15,14,1,Female,SkyBlue,S,0.46,15.85
412,4,1,17,10,3,Female,DarkOrange,L,0.43,13.98
886,2,4,15,14,5,Male,OldLace,L,0.59,15.81
848,1,4,6,1,3,Male,LightSlateGray,S,0.29,12.62
139,3,2,8,13,1,Female,LightGoldenRodY,M,0.59,16.86
860,4,2,21,10,2,Male,Bisque,XS,0.64,18.04
243,1,3,6,14,2,Male,DeepPink,S,0.72,17.09
67,2,1,13,5,4,Male,SeaShell,XS,0.44,9.4
695,2,1,11,3,3,Male,Tomato,S,0.6,3.85
348,5,4,10,2,4,Male,Cornsilk,L,0.3,21.85
873,5,4,13,15,2,Female,DarkRed,M,0.27,20.82
908,3,1,21,6,1,Male,FloralWhite,M,0.69,3.84
442,2,1,20,11,3,Female,ForestGreen,L,0.59,13.87
696,3,2,17,2,2,Male,LightSlateGray,L,0.39,15.52
628,3,4,15,3,1,Male,DarkRed,XS,0.34,14.67
363,3,1,12,10,1,Female,Cornsilk,M,0.32,12.8
872,4,1,1,14,5,Female,Wheat,S,0.75,10.46
484,5,2,2,7,4,Female,LemonChiffon,XS,0.7,19.26
651,4,1,18,12,2,Female,LightSalmon,L,0.67,14.11
194,2,1,15,13,4,Female,Khaki,XS,0.36,24.95
538,3,1,19,13,4,Female,DarkRed,S,0.29,18.64
717,5,3,1,8,3,Female,GoldenRod,XS,0.6,19.65
328,3,1,7,5,2,Female,Khaki,M,0.44,9.08
951,3,2,15,10,1,Female,OliveDrab,M,0.75,10.01
627,4,2,12,2,3,Female,Olive,L,0.61,24.96
987,3,3,4,2,3,Female,DarkSlateGray,L,0.36,8.19
958,4,2,11,7,3,Male,LightGray,M,0.41,4.1
677,3,2,5,15,5,Male,MidnightBlue,XS,0.45,4.04
900,1,3,11,13,2,Female,DarkOliveGreen,M,0.7,18.21
42,3,3,16,8,4,Female,WhiteSmoke,L,0.42,2.27
532,3,3,19,10,3,Male,SandyBrown,L,0.48,2.9
687,3,1,20,4,2,Male,PowderBlue,M,0.36,3.06
612,2,4,9,5,5,Female,DarkGreen,S,0.46,13.06
570,4,2,14,5,2,Male,DarkOliveGreen,XS,0.44,10.26
100,3,2,15,14,1,Female,Linen,L,0.59,20.71
103,1,1,14,10,5,Male,LightCyan,S,0.54,3
125,1,3,19,9,4,Male,PowderBlue,L,0.47,21.85
926,1,2,9,11,5,Male,LightCoral,L,0.69,9.19
406,4,2,19,7,5,Female,Cyan,L,0.72,22.28
403,1,3,18,13,4,Male,DarkOrange,XS,0.3,24.03
270,4,3,10,8,3,Male,DarkSlateBlue,M,0.62,23.45
424,5,4,21,6,5,Female,DarkTurquoise,M,0.67,18.05
527,3,1,13,5,2,Female,MediumTurquoise,S,0.45,23.65
751,3,2,5,15,3,Female,Silver,S,0.37,8.92
45,1,3,4,11,1,Female,DarkGoldenRod,L,0.47,5.63
254,4,2,11,15,3,Male,LightCyan,XS,0.53,9.23
601,2,1,5,9,1,Female,LightGreen,L,0.29,20.98
986,1,4,21,15,2,Male,PowderBlue,S,0.53,5.24
234,5,2,17,8,2,Female,LightSeaGreen,S,0.44,6.47
513,4,1,8,10,5,Female,PaleGoldenRod,S,0.47,3.86
767,2,2,15,15,2,Male,Crimson,M,0.78,6.64
78,1,2,6,9,5,Male,GhostWhite,L,0.51,4.48
724,5,2,9,13,3,Female,Blue,XS,0.3,6.76
278,2,1,4,3,4,Female,Peru,L,0.63,16.1
585,3,1,15,13,5,Female,Black,XS,0.78,14.79
912,1,2,5,12,1,Male,MediumSpringGre,M,0.78,4.97
398,2,2,15,4,2,Male,Chocolate,XS,0.43,11.55
892,1,4,21,2,3,Female,LimeGreen,L,0.77,4.54
825,5,1,19,7,4,Male,FloralWhite,XS,0.76,18.73
543,5,4,6,6,3,Female,LightPink,S,0.76,7.31
681,5,4,21,7,2,Male,DarkKhaki,XS,0.73,3.87
692,1,2,13,3,1,Female,Lime,S,0.42,10.5
667,4,3,20,15,3,Female,MediumAquaMarin,M,0.56,24.52
108,1,4,16,10,5,Male,SkyBlue,XS,0.36,0.54
86,1,1,8,14,2,Female,Pink,L,0.69,23.96
182,1,2,21,8,2,Female,Khaki,L,0.69,22.37
525,1,2,14,11,5,Female,Orange,L,0.39,0.67
331,2,2,12,13,4,Male,Magenta,XS,0.72,5.8
105,2,4,15,1,2,Female,Purple,L,0.57,0.87
352,1,3,10,8,1,Male,MediumPurple,XS,0.67,10.55
260,2,4,15,3,5,Male,DeepSkyBlue,S,0.6,18.02
506,4,4,5,14,1,Female,HotPink,M,0.33,14.33
117,5,4,4,10,2,Female,SeaShell,L,0.46,20.64
688,3,3,6,9,1,Male,DarkKhaki,XS,0.74,15.65
501,5,2,3,6,4,Male,Azure,M,0.36,20.04
798,1,3,3,15,4,Male,Thistle,M,0.41,6.07
102,3,3,9,3,3,Female,Beige,M,0.29,23.63
550,2,3,21,6,2,Female,DarkGreen,L,0.71,1.56
703,3,2,10,8,4,Male,LimeGreen,S,0.37,17.24
241,1,3,3,12,3,Male,RosyBrown,M,0.41,3.36
5,4,1,20,2,4,Female,RoyalBlue,M,0.62,4.05
739,2,1,2,2,2,Male,Gray,S,0.52,10.72
300,5,1,11,11,1,Male,LightYellow,S,0.42,3.39
841,1,3,21,6,1,Female,LightSlateGray,XS,0.25,16.26
205,1,3,11,6,5,Male,DarkGreen,S,0.35,6.29
523,1,2,12,9,5,Male,Orange,M,0.65,4.06
334,3,3,17,10,2,Male,HotPink,S,0.55,6.86
803,4,1,5,5,4,Female,Bisque,M,0.64,2.94
715,3,1,12,6,1,Female,Beige,XS,0.65,21.55
315,3,3,4,15,5,Male,OldLace,S,0.63,4.02
