id,shelter_id,name,position,password,email,contact_number
1,5,Dixie Hollyland,workers,ISrnXgYspm,dhollyland0@sphinn.com,992531101
2,5,Bay Dovinson,owner,yRFAOIwnVIb,bdovinson1@t-online.de,7788727458
3,4,Stinky Bagshaw,developer,WbhzKCEXaJ,sbagshaw2@simplemachines.org,7913145218
4,1,Maryjane Coverley,manager,3lQQti,mcoverley3@cnbc.com,8008332948
5,1,Dniren Beswetherick,workers,kL5fmB,dbeswetherick4@quantcast.com,4497553477
6,4,Hailee Veall,developer,MeJ8Kv5z3rv,hveall5@wsj.com,4032755175
7,3,Gilberte Eastmond,workers,cafCtdDO,geastmond6@feedburner.com,7723776373
8,4,Alikee Corpe,workers,1tDFNd1cXmza,acorpe7@dailymotion.com,453021085
9,5,Welch Farnell,developer,GRBkNDiLxs2f,wfarnell8@mit.edu,6308352713
10,2,Bastian Raper,developer,oimYX1wHS,braper9@delicious.com,1408912546
11,2,Sherilyn Beeze,manager,1vyea2,sbeezea@com.com,1555020615
12,3,Bernard Hebbard,developer,a1BtTc,bhebbardb@ed.gov,4790232794
13,3,Samuel Kimbury,manager,tGyKXCuQo35E,skimburyc@1688.com,1728906733
14,2,Sidnee Poyser,workers,APsdjEgrU,spoyserd@reddit.com,7028929833
15,1,Garrick Youson,manager,pkMFr1,gyousone@deliciousdays.com,918527740
16,4,Daryle Minker,owner,oeBCezjw2qv,dminkerf@admin.ch,8112629420
17,4,Art Balling,developer,2BlC7yT0xaG,aballingg@salon.com,2033009297
18,1,Falkner Josum,developer,saPmhswIfK,fjosumh@virginia.edu,627189679
19,1,Tim Horbath,developer,Ju9z6vxkeR,thorbathi@google.es,4913356917
20,4,Chester Hesser,owner,GFx21I,chesserj@intel.com,2455596443
21,5,Bronnie Vlasenko,workers,rglulMXEIcU,bvlasenkok@amazon.co.jp,2445869455
22,1,Krystalle Pesik,developer,AvbxSdb037Z,kpesikl@weather.com,2758994488
23,4,Jodi Lyster,manager,D4SXNOQ,jlysterm@addthis.com,8420177415
24,2,Fitzgerald Bassilashvili,workers,6gO3vrfX,fbassilashvilin@bandcamp.com,3779713837
25,3,Joey Grigoli,workers,bdrQfHl5eesM,jgrigolio@cam.ac.uk,5781487492
26,4,Arlen Elijahu,workers,mTYiWCcRH,aelijahup@hexun.com,5037688302
27,1,Mignonne Deane,workers,IWoMAUIBqjp,mdeaneq@discuz.net,3464574865
28,2,Rozalie Needs,owner,ApRv9LL9,rneedsr@godaddy.com,7345054462
29,4,Lilllie Adamik,owner,Njn5QKBy,ladamiks@cdc.gov,7230241987
30,2,Karyn Van der Merwe,workers,ZkSCf1,kvant@1688.com,956182283
31,1,Muffin Allatt,developer,3RuxyVC0iJh,mallattu@google.es,6045598148
32,2,Annis Booi,manager,rijN63FLu,abooiv@mapquest.com,5785247267
33,4,Cristiano Sanbrooke,developer,ciYbpQX,csanbrookew@alexa.com,3125088879
34,4,Nicol Exon,owner,HaZY9JVOu7x,nexonx@twitpic.com,3904747053
35,5,Rori Bastick,manager,32IGMr,rbasticky@squidoo.com,4854955805
36,3,Marge Saint,developer,mUJcI0VSI,msaintz@naver.com,9022260062
37,3,Lesley Bosenworth,workers,f2AlGDZP2y7,lbosenworth10@livejournal.com,3805351429
38,5,Belle Brabbs,developer,cr3hoE9o,bbrabbs11@arstechnica.com,637131584
39,4,Mirabella Hinks,owner,hlMblBoPjYw,mhinks12@chicagotribune.com,4848345049
40,2,Lula Mushrow,owner,OZbQfgUXeMhf,lmushrow13@rambler.ru,1543663222
41,4,Trumann Purnell,owner,YOvyidrogNBb,tpurnell14@plala.or.jp,1459306414
42,5,Millisent Chupin,developer,B0tY1ch,mchupin15@meetup.com,3102435920
43,1,Kelvin Gilhespy,manager,0eDPNBwXjT,kgilhespy16@surveymonkey.com,8692053163
44,3,Lewes Jansen,manager,KJfT52IROC,ljansen17@bing.com,3872035851
45,4,Prent Friberg,manager,S2Bcr77FJ,pfriberg18@bandcamp.com,4269461489
46,1,Cher Bassano,developer,4VAJBIGUcCy5,cbassano19@clickbank.net,126557519
47,5,Evelyn Fleote,manager,GRP4apJ7uX,efleote1a@alexa.com,6997067107
48,1,Catarina Edney,workers,1n6KdGHgBf39,cedney1b@imdb.com,2994300222
49,1,Bette-ann Corck,manager,6bQE8pi8qgRE,bcorck1c@phpbb.com,4008302905
50,3,Theda Hutchinson,developer,fFURE0d,thutchinson1d@mac.com,5977779550
51,4,Alvera Redhead,manager,OzsNpO,aredhead1e@shutterfly.com,2458749038
52,2,Giovanna Paul,owner,20m7F77,gpaul1f@so-net.ne.jp,8032558152
53,1,Nadia Norcott,manager,wPpgFl5,nnorcott1g@acquirethisname.com,5892212181
54,2,Theda Burdytt,owner,YYFwyrpQzE,tburdytt1h@devhub.com,7780600890
55,5,Thom Flacknoe,developer,IjaSVagd5qF,tflacknoe1i@g.co,4596053243
56,3,Kendell Gohn,manager,XdqOw6mardw5,kgohn1j@wired.com,8061530015
57,3,Olympia Devas,owner,7rl7rV2I,odevas1k@wordpress.com,1636289886
58,2,Jarvis Spurriar,workers,OkXBejgd07Q,jspurriar1l@scribd.com,8390289725
59,5,Renelle Wisden,manager,EGC476ty,rwisden1m@issuu.com,1374576018
60,1,Rosemary Tinghill,manager,mv13PSldFx3X,rtinghill1n@drupal.org,7628914322
